circuitId,circuitName,lat,long,locality,country,url
albert_park,Albert Park Grand Prix Circuit,-37.8497,144.968,Melbourne,Australia,http://en.wikipedia.org/wiki/Melbourne_Grand_Prix_Circuit
bahrain,Bahrain International Circuit,26.0325,50.5106,Sakhir,Bahrain,http://en.wikipedia.org/wiki/Bahrain_International_Circuit
catalunya,Circuit de Barcelona-Catalunya,41.57,2.26111,Montmeló,Spain,http://en.wikipedia.org/wiki/Circuit_de_Barcelona-Catalunya
hockenheimring,Hockenheimring,49.3278,8.56583,Hockenheim,Germany,http://en.wikipedia.org/wiki/Hockenheimring
hungaroring,Hungaroring,47.5789,19.2486,Budapest,Hungary,http://en.wikipedia.org/wiki/Hungaroring
interlagos,Autódromo José Carlos Pace,-23.7036,-46.6997,São Paulo,Brazil,http://en.wikipedia.org/wiki/Aut%C3%B3dromo_Jos%C3%A9_Carlos_Pace
istanbul,Istanbul Park,40.9517,29.405,Istanbul,Turkey,http://en.wikipedia.org/wiki/Istanbul_Park
marina_bay,Marina Bay Street Circuit,1.2914,103.864,Marina Bay,Singapore,http://en.wikipedia.org/wiki/Marina_Bay_Street_Circuit
monaco,Circuit de Monaco,43.7347,7.42056,Monte-Carlo,Monaco,http://en.wikipedia.org/wiki/Circuit_de_Monaco
monza,Autodromo Nazionale di Monza,45.6156,9.28111,Monza,Italy,http://en.wikipedia.org/wiki/Autodromo_Nazionale_Monza
sepang,Sepang International Circuit,2.76083,101.738,Kuala Lumpur,Malaysia,http://en.wikipedia.org/wiki/Sepang_International_Circuit
shanghai,Shanghai International Circuit,31.3389,121.22,Shanghai,China,http://en.wikipedia.org/wiki/Shanghai_International_Circuit
silverstone,Silverstone Circuit,52.0786,-1.01694,Silverstone,UK,http://en.wikipedia.org/wiki/Silverstone_Circuit
spa,Circuit de Spa-Francorchamps,50.4372,5.97139,Spa,Belgium,http://en.wikipedia.org/wiki/Circuit_de_Spa-Francorchamps
suzuka,Suzuka Circuit,34.8431,136.541,Suzuka,Japan,http://en.wikipedia.org/wiki/Suzuka_Circuit
valencia,Valencia Street Circuit,39.4589,-0.331667,Valencia,Spain,http://en.wikipedia.org/wiki/Valencia_Street_Circuit
villeneuve,Circuit Gilles Villeneuve,45.5,-73.5228,Montreal,Canada,http://en.wikipedia.org/wiki/Circuit_Gilles_Villeneuve
yas_marina,Yas Marina Circuit,24.4672,54.6031,Abu Dhabi,UAE,http://en.wikipedia.org/wiki/Yas_Marina_Circuit
yeongam,Korean International Circuit,34.7333,126.417,Yeongam County,Korea,http://en.wikipedia.org/wiki/Korean_International_Circuit
albert_park,Albert Park Grand Prix Circuit,-37.8497,144.968,Melbourne,Australia,http://en.wikipedia.org/wiki/Melbourne_Grand_Prix_Circuit
buddh,Buddh International Circuit,28.3487,77.5331,Uttar Pradesh,India,http://en.wikipedia.org/wiki/Buddh_International_Circuit
catalunya,Circuit de Barcelona-Catalunya,41.57,2.26111,Montmeló,Spain,http://en.wikipedia.org/wiki/Circuit_de_Barcelona-Catalunya
hungaroring,Hungaroring,47.5789,19.2486,Budapest,Hungary,http://en.wikipedia.org/wiki/Hungaroring
interlagos,Autódromo José Carlos Pace,-23.7036,-46.6997,São Paulo,Brazil,http://en.wikipedia.org/wiki/Aut%C3%B3dromo_Jos%C3%A9_Carlos_Pace
istanbul,Istanbul Park,40.9517,29.405,Istanbul,Turkey,http://en.wikipedia.org/wiki/Istanbul_Park
marina_bay,Marina Bay Street Circuit,1.2914,103.864,Marina Bay,Singapore,http://en.wikipedia.org/wiki/Marina_Bay_Street_Circuit
monaco,Circuit de Monaco,43.7347,7.42056,Monte-Carlo,Monaco,http://en.wikipedia.org/wiki/Circuit_de_Monaco
monza,Autodromo Nazionale di Monza,45.6156,9.28111,Monza,Italy,http://en.wikipedia.org/wiki/Autodromo_Nazionale_Monza
nurburgring,Nürburgring,50.3356,6.9475,Nürburg,Germany,http://en.wikipedia.org/wiki/N%C3%BCrburgring
sepang,Sepang International Circuit,2.76083,101.738,Kuala Lumpur,Malaysia,http://en.wikipedia.org/wiki/Sepang_International_Circuit
shanghai,Shanghai International Circuit,31.3389,121.22,Shanghai,China,http://en.wikipedia.org/wiki/Shanghai_International_Circuit
silverstone,Silverstone Circuit,52.0786,-1.01694,Silverstone,UK,http://en.wikipedia.org/wiki/Silverstone_Circuit
spa,Circuit de Spa-Francorchamps,50.4372,5.97139,Spa,Belgium,http://en.wikipedia.org/wiki/Circuit_de_Spa-Francorchamps
suzuka,Suzuka Circuit,34.8431,136.541,Suzuka,Japan,http://en.wikipedia.org/wiki/Suzuka_Circuit
valencia,Valencia Street Circuit,39.4589,-0.331667,Valencia,Spain,http://en.wikipedia.org/wiki/Valencia_Street_Circuit
villeneuve,Circuit Gilles Villeneuve,45.5,-73.5228,Montreal,Canada,http://en.wikipedia.org/wiki/Circuit_Gilles_Villeneuve
yas_marina,Yas Marina Circuit,24.4672,54.6031,Abu Dhabi,UAE,http://en.wikipedia.org/wiki/Yas_Marina_Circuit
yeongam,Korean International Circuit,34.7333,126.417,Yeongam County,Korea,http://en.wikipedia.org/wiki/Korean_International_Circuit
albert_park,Albert Park Grand Prix Circuit,-37.8497,144.968,Melbourne,Australia,http://en.wikipedia.org/wiki/Melbourne_Grand_Prix_Circuit
americas,Circuit of the Americas,30.1328,-97.6411,Austin,USA,http://en.wikipedia.org/wiki/Circuit_of_the_Americas
bahrain,Bahrain International Circuit,26.0325,50.5106,Sakhir,Bahrain,http://en.wikipedia.org/wiki/Bahrain_International_Circuit
buddh,Buddh International Circuit,28.3487,77.5331,Uttar Pradesh,India,http://en.wikipedia.org/wiki/Buddh_International_Circuit
catalunya,Circuit de Barcelona-Catalunya,41.57,2.26111,Montmeló,Spain,http://en.wikipedia.org/wiki/Circuit_de_Barcelona-Catalunya
hockenheimring,Hockenheimring,49.3278,8.56583,Hockenheim,Germany,http://en.wikipedia.org/wiki/Hockenheimring
hungaroring,Hungaroring,47.5789,19.2486,Budapest,Hungary,http://en.wikipedia.org/wiki/Hungaroring
interlagos,Autódromo José Carlos Pace,-23.7036,-46.6997,São Paulo,Brazil,http://en.wikipedia.org/wiki/Aut%C3%B3dromo_Jos%C3%A9_Carlos_Pace
marina_bay,Marina Bay Street Circuit,1.2914,103.864,Marina Bay,Singapore,http://en.wikipedia.org/wiki/Marina_Bay_Street_Circuit
monaco,Circuit de Monaco,43.7347,7.42056,Monte-Carlo,Monaco,http://en.wikipedia.org/wiki/Circuit_de_Monaco
monza,Autodromo Nazionale di Monza,45.6156,9.28111,Monza,Italy,http://en.wikipedia.org/wiki/Autodromo_Nazionale_Monza
sepang,Sepang International Circuit,2.76083,101.738,Kuala Lumpur,Malaysia,http://en.wikipedia.org/wiki/Sepang_International_Circuit
shanghai,Shanghai International Circuit,31.3389,121.22,Shanghai,China,http://en.wikipedia.org/wiki/Shanghai_International_Circuit
silverstone,Silverstone Circuit,52.0786,-1.01694,Silverstone,UK,http://en.wikipedia.org/wiki/Silverstone_Circuit
spa,Circuit de Spa-Francorchamps,50.4372,5.97139,Spa,Belgium,http://en.wikipedia.org/wiki/Circuit_de_Spa-Francorchamps
suzuka,Suzuka Circuit,34.8431,136.541,Suzuka,Japan,http://en.wikipedia.org/wiki/Suzuka_Circuit
valencia,Valencia Street Circuit,39.4589,-0.331667,Valencia,Spain,http://en.wikipedia.org/wiki/Valencia_Street_Circuit
villeneuve,Circuit Gilles Villeneuve,45.5,-73.5228,Montreal,Canada,http://en.wikipedia.org/wiki/Circuit_Gilles_Villeneuve
yas_marina,Yas Marina Circuit,24.4672,54.6031,Abu Dhabi,UAE,http://en.wikipedia.org/wiki/Yas_Marina_Circuit
yeongam,Korean International Circuit,34.7333,126.417,Yeongam County,Korea,http://en.wikipedia.org/wiki/Korean_International_Circuit
albert_park,Albert Park Grand Prix Circuit,-37.8497,144.968,Melbourne,Australia,http://en.wikipedia.org/wiki/Melbourne_Grand_Prix_Circuit
americas,Circuit of the Americas,30.1328,-97.6411,Austin,USA,http://en.wikipedia.org/wiki/Circuit_of_the_Americas
bahrain,Bahrain International Circuit,26.0325,50.5106,Sakhir,Bahrain,http://en.wikipedia.org/wiki/Bahrain_International_Circuit
buddh,Buddh International Circuit,28.3487,77.5331,Uttar Pradesh,India,http://en.wikipedia.org/wiki/Buddh_International_Circuit
catalunya,Circuit de Barcelona-Catalunya,41.57,2.26111,Montmeló,Spain,http://en.wikipedia.org/wiki/Circuit_de_Barcelona-Catalunya
hungaroring,Hungaroring,47.5789,19.2486,Budapest,Hungary,http://en.wikipedia.org/wiki/Hungaroring
interlagos,Autódromo José Carlos Pace,-23.7036,-46.6997,São Paulo,Brazil,http://en.wikipedia.org/wiki/Aut%C3%B3dromo_Jos%C3%A9_Carlos_Pace
marina_bay,Marina Bay Street Circuit,1.2914,103.864,Marina Bay,Singapore,http://en.wikipedia.org/wiki/Marina_Bay_Street_Circuit
monaco,Circuit de Monaco,43.7347,7.42056,Monte-Carlo,Monaco,http://en.wikipedia.org/wiki/Circuit_de_Monaco
monza,Autodromo Nazionale di Monza,45.6156,9.28111,Monza,Italy,http://en.wikipedia.org/wiki/Autodromo_Nazionale_Monza
nurburgring,Nürburgring,50.3356,6.9475,Nürburg,Germany,http://en.wikipedia.org/wiki/N%C3%BCrburgring
sepang,Sepang International Circuit,2.76083,101.738,Kuala Lumpur,Malaysia,http://en.wikipedia.org/wiki/Sepang_International_Circuit
shanghai,Shanghai International Circuit,31.3389,121.22,Shanghai,China,http://en.wikipedia.org/wiki/Shanghai_International_Circuit
silverstone,Silverstone Circuit,52.0786,-1.01694,Silverstone,UK,http://en.wikipedia.org/wiki/Silverstone_Circuit
spa,Circuit de Spa-Francorchamps,50.4372,5.97139,Spa,Belgium,http://en.wikipedia.org/wiki/Circuit_de_Spa-Francorchamps
suzuka,Suzuka Circuit,34.8431,136.541,Suzuka,Japan,http://en.wikipedia.org/wiki/Suzuka_Circuit
villeneuve,Circuit Gilles Villeneuve,45.5,-73.5228,Montreal,Canada,http://en.wikipedia.org/wiki/Circuit_Gilles_Villeneuve
yas_marina,Yas Marina Circuit,24.4672,54.6031,Abu Dhabi,UAE,http://en.wikipedia.org/wiki/Yas_Marina_Circuit
yeongam,Korean International Circuit,34.7333,126.417,Yeongam County,Korea,http://en.wikipedia.org/wiki/Korean_International_Circuit
albert_park,Albert Park Grand Prix Circuit,-37.8497,144.968,Melbourne,Australia,http://en.wikipedia.org/wiki/Melbourne_Grand_Prix_Circuit
americas,Circuit of the Americas,30.1328,-97.6411,Austin,USA,http://en.wikipedia.org/wiki/Circuit_of_the_Americas
bahrain,Bahrain International Circuit,26.0325,50.5106,Sakhir,Bahrain,http://en.wikipedia.org/wiki/Bahrain_International_Circuit
catalunya,Circuit de Barcelona-Catalunya,41.57,2.26111,Montmeló,Spain,http://en.wikipedia.org/wiki/Circuit_de_Barcelona-Catalunya
hockenheimring,Hockenheimring,49.3278,8.56583,Hockenheim,Germany,http://en.wikipedia.org/wiki/Hockenheimring
hungaroring,Hungaroring,47.5789,19.2486,Budapest,Hungary,http://en.wikipedia.org/wiki/Hungaroring
interlagos,Autódromo José Carlos Pace,-23.7036,-46.6997,São Paulo,Brazil,http://en.wikipedia.org/wiki/Aut%C3%B3dromo_Jos%C3%A9_Carlos_Pace
marina_bay,Marina Bay Street Circuit,1.2914,103.864,Marina Bay,Singapore,http://en.wikipedia.org/wiki/Marina_Bay_Street_Circuit
monaco,Circuit de Monaco,43.7347,7.42056,Monte-Carlo,Monaco,http://en.wikipedia.org/wiki/Circuit_de_Monaco
monza,Autodromo Nazionale di Monza,45.6156,9.28111,Monza,Italy,http://en.wikipedia.org/wiki/Autodromo_Nazionale_Monza
red_bull_ring,Red Bull Ring,47.2197,14.7647,Spielberg,Austria,http://en.wikipedia.org/wiki/Red_Bull_Ring
sepang,Sepang International Circuit,2.76083,101.738,Kuala Lumpur,Malaysia,http://en.wikipedia.org/wiki/Sepang_International_Circuit
shanghai,Shanghai International Circuit,31.3389,121.22,Shanghai,China,http://en.wikipedia.org/wiki/Shanghai_International_Circuit
silverstone,Silverstone Circuit,52.0786,-1.01694,Silverstone,UK,http://en.wikipedia.org/wiki/Silverstone_Circuit
sochi,Sochi Autodrom,43.4057,39.9578,Sochi,Russia,http://en.wikipedia.org/wiki/Sochi_Autodrom
spa,Circuit de Spa-Francorchamps,50.4372,5.97139,Spa,Belgium,http://en.wikipedia.org/wiki/Circuit_de_Spa-Francorchamps
suzuka,Suzuka Circuit,34.8431,136.541,Suzuka,Japan,http://en.wikipedia.org/wiki/Suzuka_Circuit
villeneuve,Circuit Gilles Villeneuve,45.5,-73.5228,Montreal,Canada,http://en.wikipedia.org/wiki/Circuit_Gilles_Villeneuve
yas_marina,Yas Marina Circuit,24.4672,54.6031,Abu Dhabi,UAE,http://en.wikipedia.org/wiki/Yas_Marina_Circuit
albert_park,Albert Park Grand Prix Circuit,-37.8497,144.968,Melbourne,Australia,http://en.wikipedia.org/wiki/Melbourne_Grand_Prix_Circuit
americas,Circuit of the Americas,30.1328,-97.6411,Austin,USA,http://en.wikipedia.org/wiki/Circuit_of_the_Americas
bahrain,Bahrain International Circuit,26.0325,50.5106,Sakhir,Bahrain,http://en.wikipedia.org/wiki/Bahrain_International_Circuit
catalunya,Circuit de Barcelona-Catalunya,41.57,2.26111,Montmeló,Spain,http://en.wikipedia.org/wiki/Circuit_de_Barcelona-Catalunya
hungaroring,Hungaroring,47.5789,19.2486,Budapest,Hungary,http://en.wikipedia.org/wiki/Hungaroring
interlagos,Autódromo José Carlos Pace,-23.7036,-46.6997,São Paulo,Brazil,http://en.wikipedia.org/wiki/Aut%C3%B3dromo_Jos%C3%A9_Carlos_Pace
marina_bay,Marina Bay Street Circuit,1.2914,103.864,Marina Bay,Singapore,http://en.wikipedia.org/wiki/Marina_Bay_Street_Circuit
monaco,Circuit de Monaco,43.7347,7.42056,Monte-Carlo,Monaco,http://en.wikipedia.org/wiki/Circuit_de_Monaco
monza,Autodromo Nazionale di Monza,45.6156,9.28111,Monza,Italy,http://en.wikipedia.org/wiki/Autodromo_Nazionale_Monza
red_bull_ring,Red Bull Ring,47.2197,14.7647,Spielberg,Austria,http://en.wikipedia.org/wiki/Red_Bull_Ring
rodriguez,Autódromo Hermanos Rodríguez,19.4042,-99.0907,Mexico City,Mexico,http://en.wikipedia.org/wiki/Aut%C3%B3dromo_Hermanos_Rodr%C3%ADguez
sepang,Sepang International Circuit,2.76083,101.738,Kuala Lumpur,Malaysia,http://en.wikipedia.org/wiki/Sepang_International_Circuit
shanghai,Shanghai International Circuit,31.3389,121.22,Shanghai,China,http://en.wikipedia.org/wiki/Shanghai_International_Circuit
silverstone,Silverstone Circuit,52.0786,-1.01694,Silverstone,UK,http://en.wikipedia.org/wiki/Silverstone_Circuit
sochi,Sochi Autodrom,43.4057,39.9578,Sochi,Russia,http://en.wikipedia.org/wiki/Sochi_Autodrom
spa,Circuit de Spa-Francorchamps,50.4372,5.97139,Spa,Belgium,http://en.wikipedia.org/wiki/Circuit_de_Spa-Francorchamps
suzuka,Suzuka Circuit,34.8431,136.541,Suzuka,Japan,http://en.wikipedia.org/wiki/Suzuka_Circuit
villeneuve,Circuit Gilles Villeneuve,45.5,-73.5228,Montreal,Canada,http://en.wikipedia.org/wiki/Circuit_Gilles_Villeneuve
yas_marina,Yas Marina Circuit,24.4672,54.6031,Abu Dhabi,UAE,http://en.wikipedia.org/wiki/Yas_Marina_Circuit
albert_park,Albert Park Grand Prix Circuit,-37.8497,144.968,Melbourne,Australia,http://en.wikipedia.org/wiki/Melbourne_Grand_Prix_Circuit
americas,Circuit of the Americas,30.1328,-97.6411,Austin,USA,http://en.wikipedia.org/wiki/Circuit_of_the_Americas
bahrain,Bahrain International Circuit,26.0325,50.5106,Sakhir,Bahrain,http://en.wikipedia.org/wiki/Bahrain_International_Circuit
baku,Baku City Circuit,40.3725,49.8533,Baku,Azerbaijan,http://en.wikipedia.org/wiki/Baku_City_Circuit
catalunya,Circuit de Barcelona-Catalunya,41.57,2.26111,Montmeló,Spain,http://en.wikipedia.org/wiki/Circuit_de_Barcelona-Catalunya
hockenheimring,Hockenheimring,49.3278,8.56583,Hockenheim,Germany,http://en.wikipedia.org/wiki/Hockenheimring
hungaroring,Hungaroring,47.5789,19.2486,Budapest,Hungary,http://en.wikipedia.org/wiki/Hungaroring
interlagos,Autódromo José Carlos Pace,-23.7036,-46.6997,São Paulo,Brazil,http://en.wikipedia.org/wiki/Aut%C3%B3dromo_Jos%C3%A9_Carlos_Pace
marina_bay,Marina Bay Street Circuit,1.2914,103.864,Marina Bay,Singapore,http://en.wikipedia.org/wiki/Marina_Bay_Street_Circuit
monaco,Circuit de Monaco,43.7347,7.42056,Monte-Carlo,Monaco,http://en.wikipedia.org/wiki/Circuit_de_Monaco
monza,Autodromo Nazionale di Monza,45.6156,9.28111,Monza,Italy,http://en.wikipedia.org/wiki/Autodromo_Nazionale_Monza
red_bull_ring,Red Bull Ring,47.2197,14.7647,Spielberg,Austria,http://en.wikipedia.org/wiki/Red_Bull_Ring
rodriguez,Autódromo Hermanos Rodríguez,19.4042,-99.0907,Mexico City,Mexico,http://en.wikipedia.org/wiki/Aut%C3%B3dromo_Hermanos_Rodr%C3%ADguez
sepang,Sepang International Circuit,2.76083,101.738,Kuala Lumpur,Malaysia,http://en.wikipedia.org/wiki/Sepang_International_Circuit
shanghai,Shanghai International Circuit,31.3389,121.22,Shanghai,China,http://en.wikipedia.org/wiki/Shanghai_International_Circuit
silverstone,Silverstone Circuit,52.0786,-1.01694,Silverstone,UK,http://en.wikipedia.org/wiki/Silverstone_Circuit
sochi,Sochi Autodrom,43.4057,39.9578,Sochi,Russia,http://en.wikipedia.org/wiki/Sochi_Autodrom
spa,Circuit de Spa-Francorchamps,50.4372,5.97139,Spa,Belgium,http://en.wikipedia.org/wiki/Circuit_de_Spa-Francorchamps
suzuka,Suzuka Circuit,34.8431,136.541,Suzuka,Japan,http://en.wikipedia.org/wiki/Suzuka_Circuit
villeneuve,Circuit Gilles Villeneuve,45.5,-73.5228,Montreal,Canada,http://en.wikipedia.org/wiki/Circuit_Gilles_Villeneuve
yas_marina,Yas Marina Circuit,24.4672,54.6031,Abu Dhabi,UAE,http://en.wikipedia.org/wiki/Yas_Marina_Circuit
albert_park,Albert Park Grand Prix Circuit,-37.8497,144.968,Melbourne,Australia,http://en.wikipedia.org/wiki/Melbourne_Grand_Prix_Circuit
americas,Circuit of the Americas,30.1328,-97.6411,Austin,USA,http://en.wikipedia.org/wiki/Circuit_of_the_Americas
bahrain,Bahrain International Circuit,26.0325,50.5106,Sakhir,Bahrain,http://en.wikipedia.org/wiki/Bahrain_International_Circuit
baku,Baku City Circuit,40.3725,49.8533,Baku,Azerbaijan,http://en.wikipedia.org/wiki/Baku_City_Circuit
catalunya,Circuit de Barcelona-Catalunya,41.57,2.26111,Montmeló,Spain,http://en.wikipedia.org/wiki/Circuit_de_Barcelona-Catalunya
hungaroring,Hungaroring,47.5789,19.2486,Budapest,Hungary,http://en.wikipedia.org/wiki/Hungaroring
interlagos,Autódromo José Carlos Pace,-23.7036,-46.6997,São Paulo,Brazil,http://en.wikipedia.org/wiki/Aut%C3%B3dromo_Jos%C3%A9_Carlos_Pace
marina_bay,Marina Bay Street Circuit,1.2914,103.864,Marina Bay,Singapore,http://en.wikipedia.org/wiki/Marina_Bay_Street_Circuit
monaco,Circuit de Monaco,43.7347,7.42056,Monte-Carlo,Monaco,http://en.wikipedia.org/wiki/Circuit_de_Monaco
monza,Autodromo Nazionale di Monza,45.6156,9.28111,Monza,Italy,http://en.wikipedia.org/wiki/Autodromo_Nazionale_Monza
red_bull_ring,Red Bull Ring,47.2197,14.7647,Spielberg,Austria,http://en.wikipedia.org/wiki/Red_Bull_Ring
rodriguez,Autódromo Hermanos Rodríguez,19.4042,-99.0907,Mexico City,Mexico,http://en.wikipedia.org/wiki/Aut%C3%B3dromo_Hermanos_Rodr%C3%ADguez
sepang,Sepang International Circuit,2.76083,101.738,Kuala Lumpur,Malaysia,http://en.wikipedia.org/wiki/Sepang_International_Circuit
shanghai,Shanghai International Circuit,31.3389,121.22,Shanghai,China,http://en.wikipedia.org/wiki/Shanghai_International_Circuit
silverstone,Silverstone Circuit,52.0786,-1.01694,Silverstone,UK,http://en.wikipedia.org/wiki/Silverstone_Circuit
sochi,Sochi Autodrom,43.4057,39.9578,Sochi,Russia,http://en.wikipedia.org/wiki/Sochi_Autodrom
spa,Circuit de Spa-Francorchamps,50.4372,5.97139,Spa,Belgium,http://en.wikipedia.org/wiki/Circuit_de_Spa-Francorchamps
suzuka,Suzuka Circuit,34.8431,136.541,Suzuka,Japan,http://en.wikipedia.org/wiki/Suzuka_Circuit
villeneuve,Circuit Gilles Villeneuve,45.5,-73.5228,Montreal,Canada,http://en.wikipedia.org/wiki/Circuit_Gilles_Villeneuve
yas_marina,Yas Marina Circuit,24.4672,54.6031,Abu Dhabi,UAE,http://en.wikipedia.org/wiki/Yas_Marina_Circuit
albert_park,Albert Park Grand Prix Circuit,-37.8497,144.968,Melbourne,Australia,http://en.wikipedia.org/wiki/Melbourne_Grand_Prix_Circuit
americas,Circuit of the Americas,30.1328,-97.6411,Austin,USA,http://en.wikipedia.org/wiki/Circuit_of_the_Americas
bahrain,Bahrain International Circuit,26.0325,50.5106,Sakhir,Bahrain,http://en.wikipedia.org/wiki/Bahrain_International_Circuit
baku,Baku City Circuit,40.3725,49.8533,Baku,Azerbaijan,http://en.wikipedia.org/wiki/Baku_City_Circuit
catalunya,Circuit de Barcelona-Catalunya,41.57,2.26111,Montmeló,Spain,http://en.wikipedia.org/wiki/Circuit_de_Barcelona-Catalunya
hockenheimring,Hockenheimring,49.3278,8.56583,Hockenheim,Germany,http://en.wikipedia.org/wiki/Hockenheimring
hungaroring,Hungaroring,47.5789,19.2486,Budapest,Hungary,http://en.wikipedia.org/wiki/Hungaroring
interlagos,Autódromo José Carlos Pace,-23.7036,-46.6997,São Paulo,Brazil,http://en.wikipedia.org/wiki/Aut%C3%B3dromo_Jos%C3%A9_Carlos_Pace
marina_bay,Marina Bay Street Circuit,1.2914,103.864,Marina Bay,Singapore,http://en.wikipedia.org/wiki/Marina_Bay_Street_Circuit
monaco,Circuit de Monaco,43.7347,7.42056,Monte-Carlo,Monaco,http://en.wikipedia.org/wiki/Circuit_de_Monaco
monza,Autodromo Nazionale di Monza,45.6156,9.28111,Monza,Italy,http://en.wikipedia.org/wiki/Autodromo_Nazionale_Monza
red_bull_ring,Red Bull Ring,47.2197,14.7647,Spielberg,Austria,http://en.wikipedia.org/wiki/Red_Bull_Ring
ricard,Circuit Paul Ricard,43.2506,5.79167,Le Castellet,France,http://en.wikipedia.org/wiki/Paul_Ricard_Circuit
rodriguez,Autódromo Hermanos Rodríguez,19.4042,-99.0907,Mexico City,Mexico,http://en.wikipedia.org/wiki/Aut%C3%B3dromo_Hermanos_Rodr%C3%ADguez
shanghai,Shanghai International Circuit,31.3389,121.22,Shanghai,China,http://en.wikipedia.org/wiki/Shanghai_International_Circuit
silverstone,Silverstone Circuit,52.0786,-1.01694,Silverstone,UK,http://en.wikipedia.org/wiki/Silverstone_Circuit
sochi,Sochi Autodrom,43.4057,39.9578,Sochi,Russia,http://en.wikipedia.org/wiki/Sochi_Autodrom
spa,Circuit de Spa-Francorchamps,50.4372,5.97139,Spa,Belgium,http://en.wikipedia.org/wiki/Circuit_de_Spa-Francorchamps
suzuka,Suzuka Circuit,34.8431,136.541,Suzuka,Japan,http://en.wikipedia.org/wiki/Suzuka_Circuit
villeneuve,Circuit Gilles Villeneuve,45.5,-73.5228,Montreal,Canada,http://en.wikipedia.org/wiki/Circuit_Gilles_Villeneuve
yas_marina,Yas Marina Circuit,24.4672,54.6031,Abu Dhabi,UAE,http://en.wikipedia.org/wiki/Yas_Marina_Circuit
albert_park,Albert Park Grand Prix Circuit,-37.8497,144.968,Melbourne,Australia,http://en.wikipedia.org/wiki/Melbourne_Grand_Prix_Circuit
americas,Circuit of the Americas,30.1328,-97.6411,Austin,USA,http://en.wikipedia.org/wiki/Circuit_of_the_Americas
bahrain,Bahrain International Circuit,26.0325,50.5106,Sakhir,Bahrain,http://en.wikipedia.org/wiki/Bahrain_International_Circuit
baku,Baku City Circuit,40.3725,49.8533,Baku,Azerbaijan,http://en.wikipedia.org/wiki/Baku_City_Circuit
catalunya,Circuit de Barcelona-Catalunya,41.57,2.26111,Montmeló,Spain,http://en.wikipedia.org/wiki/Circuit_de_Barcelona-Catalunya
hockenheimring,Hockenheimring,49.3278,8.56583,Hockenheim,Germany,http://en.wikipedia.org/wiki/Hockenheimring
hungaroring,Hungaroring,47.5789,19.2486,Budapest,Hungary,http://en.wikipedia.org/wiki/Hungaroring
interlagos,Autódromo José Carlos Pace,-23.7036,-46.6997,São Paulo,Brazil,http://en.wikipedia.org/wiki/Aut%C3%B3dromo_Jos%C3%A9_Carlos_Pace
marina_bay,Marina Bay Street Circuit,1.2914,103.864,Marina Bay,Singapore,http://en.wikipedia.org/wiki/Marina_Bay_Street_Circuit
monaco,Circuit de Monaco,43.7347,7.42056,Monte-Carlo,Monaco,http://en.wikipedia.org/wiki/Circuit_de_Monaco
monza,Autodromo Nazionale di Monza,45.6156,9.28111,Monza,Italy,http://en.wikipedia.org/wiki/Autodromo_Nazionale_Monza
red_bull_ring,Red Bull Ring,47.2197,14.7647,Spielberg,Austria,http://en.wikipedia.org/wiki/Red_Bull_Ring
ricard,Circuit Paul Ricard,43.2506,5.79167,Le Castellet,France,http://en.wikipedia.org/wiki/Paul_Ricard_Circuit
rodriguez,Autódromo Hermanos Rodríguez,19.4042,-99.0907,Mexico City,Mexico,http://en.wikipedia.org/wiki/Aut%C3%B3dromo_Hermanos_Rodr%C3%ADguez
shanghai,Shanghai International Circuit,31.3389,121.22,Shanghai,China,http://en.wikipedia.org/wiki/Shanghai_International_Circuit
silverstone,Silverstone Circuit,52.0786,-1.01694,Silverstone,UK,http://en.wikipedia.org/wiki/Silverstone_Circuit
sochi,Sochi Autodrom,43.4057,39.9578,Sochi,Russia,http://en.wikipedia.org/wiki/Sochi_Autodrom
spa,Circuit de Spa-Francorchamps,50.4372,5.97139,Spa,Belgium,http://en.wikipedia.org/wiki/Circuit_de_Spa-Francorchamps
suzuka,Suzuka Circuit,34.8431,136.541,Suzuka,Japan,http://en.wikipedia.org/wiki/Suzuka_Circuit
villeneuve,Circuit Gilles Villeneuve,45.5,-73.5228,Montreal,Canada,http://en.wikipedia.org/wiki/Circuit_Gilles_Villeneuve
yas_marina,Yas Marina Circuit,24.4672,54.6031,Abu Dhabi,UAE,http://en.wikipedia.org/wiki/Yas_Marina_Circuit
bahrain,Bahrain International Circuit,26.0325,50.5106,Sakhir,Bahrain,http://en.wikipedia.org/wiki/Bahrain_International_Circuit
catalunya,Circuit de Barcelona-Catalunya,41.57,2.26111,Montmeló,Spain,http://en.wikipedia.org/wiki/Circuit_de_Barcelona-Catalunya
hungaroring,Hungaroring,47.5789,19.2486,Budapest,Hungary,http://en.wikipedia.org/wiki/Hungaroring
imola,Autodromo Enzo e Dino Ferrari,44.3439,11.7167,Imola,Italy,http://en.wikipedia.org/wiki/Autodromo_Enzo_e_Dino_Ferrari
istanbul,Istanbul Park,40.9517,29.405,Istanbul,Turkey,http://en.wikipedia.org/wiki/Istanbul_Park
monza,Autodromo Nazionale di Monza,45.6156,9.28111,Monza,Italy,http://en.wikipedia.org/wiki/Autodromo_Nazionale_Monza
mugello,Autodromo Internazionale del Mugello,43.9975,11.3719,Mugello,Italy,http://en.wikipedia.org/wiki/Mugello_Circuit
nurburgring,Nürburgring,50.3356,6.9475,Nürburg,Germany,http://en.wikipedia.org/wiki/N%C3%BCrburgring
portimao,Autódromo Internacional do Algarve,37.227,-8.6267,Portimão,Portugal,http://en.wikipedia.org/wiki/Algarve_International_Circuit
red_bull_ring,Red Bull Ring,47.2197,14.7647,Spielberg,Austria,http://en.wikipedia.org/wiki/Red_Bull_Ring
silverstone,Silverstone Circuit,52.0786,-1.01694,Silverstone,UK,http://en.wikipedia.org/wiki/Silverstone_Circuit
sochi,Sochi Autodrom,43.4057,39.9578,Sochi,Russia,http://en.wikipedia.org/wiki/Sochi_Autodrom
spa,Circuit de Spa-Francorchamps,50.4372,5.97139,Spa,Belgium,http://en.wikipedia.org/wiki/Circuit_de_Spa-Francorchamps
yas_marina,Yas Marina Circuit,24.4672,54.6031,Abu Dhabi,UAE,http://en.wikipedia.org/wiki/Yas_Marina_Circuit
americas,Circuit of the Americas,30.1328,-97.6411,Austin,USA,http://en.wikipedia.org/wiki/Circuit_of_the_Americas
bahrain,Bahrain International Circuit,26.0325,50.5106,Sakhir,Bahrain,http://en.wikipedia.org/wiki/Bahrain_International_Circuit
baku,Baku City Circuit,40.3725,49.8533,Baku,Azerbaijan,http://en.wikipedia.org/wiki/Baku_City_Circuit
catalunya,Circuit de Barcelona-Catalunya,41.57,2.26111,Montmeló,Spain,http://en.wikipedia.org/wiki/Circuit_de_Barcelona-Catalunya
hungaroring,Hungaroring,47.5789,19.2486,Budapest,Hungary,http://en.wikipedia.org/wiki/Hungaroring
imola,Autodromo Enzo e Dino Ferrari,44.3439,11.7167,Imola,Italy,http://en.wikipedia.org/wiki/Autodromo_Enzo_e_Dino_Ferrari
interlagos,Autódromo José Carlos Pace,-23.7036,-46.6997,São Paulo,Brazil,http://en.wikipedia.org/wiki/Aut%C3%B3dromo_Jos%C3%A9_Carlos_Pace
istanbul,Istanbul Park,40.9517,29.405,Istanbul,Turkey,http://en.wikipedia.org/wiki/Istanbul_Park
jeddah,Jeddah Corniche Circuit,21.6319,39.1044,Jeddah,Saudi Arabia,http://en.wikipedia.org/wiki/Jeddah_Street_Circuit
losail,Losail International Circuit,25.49,51.4542,Al Daayen,Qatar,http://en.wikipedia.org/wiki/Losail_International_Circuit
monaco,Circuit de Monaco,43.7347,7.42056,Monte-Carlo,Monaco,http://en.wikipedia.org/wiki/Circuit_de_Monaco
monza,Autodromo Nazionale di Monza,45.6156,9.28111,Monza,Italy,http://en.wikipedia.org/wiki/Autodromo_Nazionale_Monza
portimao,Autódromo Internacional do Algarve,37.227,-8.6267,Portimão,Portugal,http://en.wikipedia.org/wiki/Algarve_International_Circuit
red_bull_ring,Red Bull Ring,47.2197,14.7647,Spielberg,Austria,http://en.wikipedia.org/wiki/Red_Bull_Ring
ricard,Circuit Paul Ricard,43.2506,5.79167,Le Castellet,France,http://en.wikipedia.org/wiki/Paul_Ricard_Circuit
rodriguez,Autódromo Hermanos Rodríguez,19.4042,-99.0907,Mexico City,Mexico,http://en.wikipedia.org/wiki/Aut%C3%B3dromo_Hermanos_Rodr%C3%ADguez
silverstone,Silverstone Circuit,52.0786,-1.01694,Silverstone,UK,http://en.wikipedia.org/wiki/Silverstone_Circuit
sochi,Sochi Autodrom,43.4057,39.9578,Sochi,Russia,http://en.wikipedia.org/wiki/Sochi_Autodrom
spa,Circuit de Spa-Francorchamps,50.4372,5.97139,Spa,Belgium,http://en.wikipedia.org/wiki/Circuit_de_Spa-Francorchamps
yas_marina,Yas Marina Circuit,24.4672,54.6031,Abu Dhabi,UAE,http://en.wikipedia.org/wiki/Yas_Marina_Circuit
zandvoort,Circuit Park Zandvoort,52.3888,4.54092,Zandvoort,Netherlands,http://en.wikipedia.org/wiki/Circuit_Zandvoort
albert_park,Albert Park Grand Prix Circuit,-37.8497,144.968,Melbourne,Australia,http://en.wikipedia.org/wiki/Melbourne_Grand_Prix_Circuit
americas,Circuit of the Americas,30.1328,-97.6411,Austin,USA,http://en.wikipedia.org/wiki/Circuit_of_the_Americas
bahrain,Bahrain International Circuit,26.0325,50.5106,Sakhir,Bahrain,http://en.wikipedia.org/wiki/Bahrain_International_Circuit
baku,Baku City Circuit,40.3725,49.8533,Baku,Azerbaijan,http://en.wikipedia.org/wiki/Baku_City_Circuit
catalunya,Circuit de Barcelona-Catalunya,41.57,2.26111,Montmeló,Spain,http://en.wikipedia.org/wiki/Circuit_de_Barcelona-Catalunya
hungaroring,Hungaroring,47.5789,19.2486,Budapest,Hungary,http://en.wikipedia.org/wiki/Hungaroring
imola,Autodromo Enzo e Dino Ferrari,44.3439,11.7167,Imola,Italy,http://en.wikipedia.org/wiki/Autodromo_Enzo_e_Dino_Ferrari
interlagos,Autódromo José Carlos Pace,-23.7036,-46.6997,São Paulo,Brazil,http://en.wikipedia.org/wiki/Aut%C3%B3dromo_Jos%C3%A9_Carlos_Pace
jeddah,Jeddah Corniche Circuit,21.6319,39.1044,Jeddah,Saudi Arabia,http://en.wikipedia.org/wiki/Jeddah_Street_Circuit
marina_bay,Marina Bay Street Circuit,1.2914,103.864,Marina Bay,Singapore,http://en.wikipedia.org/wiki/Marina_Bay_Street_Circuit
miami,Miami International Autodrome,25.9581,-80.2389,Miami,USA,http://en.wikipedia.org/wiki/Miami_International_Autodrome
monaco,Circuit de Monaco,43.7347,7.42056,Monte-Carlo,Monaco,http://en.wikipedia.org/wiki/Circuit_de_Monaco
monza,Autodromo Nazionale di Monza,45.6156,9.28111,Monza,Italy,http://en.wikipedia.org/wiki/Autodromo_Nazionale_Monza
red_bull_ring,Red Bull Ring,47.2197,14.7647,Spielberg,Austria,http://en.wikipedia.org/wiki/Red_Bull_Ring
ricard,Circuit Paul Ricard,43.2506,5.79167,Le Castellet,France,http://en.wikipedia.org/wiki/Paul_Ricard_Circuit
rodriguez,Autódromo Hermanos Rodríguez,19.4042,-99.0907,Mexico City,Mexico,http://en.wikipedia.org/wiki/Aut%C3%B3dromo_Hermanos_Rodr%C3%ADguez
silverstone,Silverstone Circuit,52.0786,-1.01694,Silverstone,UK,http://en.wikipedia.org/wiki/Silverstone_Circuit
spa,Circuit de Spa-Francorchamps,50.4372,5.97139,Spa,Belgium,http://en.wikipedia.org/wiki/Circuit_de_Spa-Francorchamps
suzuka,Suzuka Circuit,34.8431,136.541,Suzuka,Japan,http://en.wikipedia.org/wiki/Suzuka_Circuit
villeneuve,Circuit Gilles Villeneuve,45.5,-73.5228,Montreal,Canada,http://en.wikipedia.org/wiki/Circuit_Gilles_Villeneuve
yas_marina,Yas Marina Circuit,24.4672,54.6031,Abu Dhabi,UAE,http://en.wikipedia.org/wiki/Yas_Marina_Circuit
zandvoort,Circuit Park Zandvoort,52.3888,4.54092,Zandvoort,Netherlands,http://en.wikipedia.org/wiki/Circuit_Zandvoort
